{
    "name": "Simulador de Compuertas Lógicas",
    "short_name": "Simulador",
    "description": "Una app para simular compuertas lógicas y calcular el consumo eléctrico",
    "start_url": "/index.html",
    "display": "standalone",
    "background_color": "#f4f4fc",
    "theme_color": "#4a90e2",
    "icons": [
      {
        "src": "/icon-192x192.png",
        "sizes": "192x192",
        "type": "image/png"
      },
      {
        "src": "/icon-512x512.png",
        "sizes": "512x512",
        "type": "image/png"
      }
    ]
  }
  